osm_type,osm_id,name,name_en,name_ru,name_ky,elevation_m,lat,lon,prominence,wikidata,wikipedia,prominence_calc
node,3800709736,Abu Ali Ibn Sino,Abu Ali Ibn Sino,,,7134,39.3436698,72.8779256,2804,,,
node,3986092540,Ozodi Peak,Ozodi Peak,Пик Корженевской,,7105,39.0568831,72.0096829,1605,Q545239,tg:Қуллаи Озодӣ,3762
node,3802006428,пик Маршала Жукова,,,,6842,39.3175411,72.8848672,,Q89030970,,422
node,2439724999,Октябрьский пик,,,,6780,39.329562,72.9704247,,,,952
node,349008762,пик Дзержинского,,,,6717,39.3464949,72.7838015,,Q23560672,,887
node,2552011452,Unity Peak,Unity Peak,,,6690,39.3492163,72.9567075,,,,248
node,5607882246,Kyzylagyn,Kyzylagyn,,,6683,39.3476914,73.0434342,,Q25379625,,737
node,349008657,Kurumdy Mountain,Kurumdy Mountain,Гора Курумды,,6614,39.4561142,73.567406,2332,Q5584351,en:Kurumdy Mountain,2354
node,6033766802,Тухачевского,,,,6612,39.0692476,72.1311758,,,,1285
node,5607880809,Карпинского,,,,6552,39.0565091,72.1392275,,,,221
node,3986092225,пик Калинина,,,,6509,39.0105923,72.1092809,,Q31473560,,1065
node,349019516,Kurumdy East I,Kurumdy East I,,,6384,39.4596729,73.6002746,,,en:Kurumdy Mountain,359
node,2117848611,Zarya-Vostoka,Zarya-Vostoka,Пик Заря Востока,,6349,39.4697166,73.6541073,,Q25379636,de:Pik Sarja Wostoka,545
node,2501236151,Музджилга,,Музджилга,,6289,39.1195731,72.1915269,,,,1011
node,3986092251,Пик Четырех,,,,6230,39.0226229,72.0582673,,,,557
node,2439749778,Latvia Peak,Latvia Peak,Пик Латвия,,6218,39.3622158,73.0039143,,Q16362063,,257
node,349008663,Pik Turk VO,Pik Turk VO,,,6216,39.4681374,73.4929508,,,,323
node,5607880802,пик Уборевича,,пик Уборевича,,6207,39.096234,72.145464,,,,391
node,5607880804,Сандал,,,,6072,39.115974,72.218842,,,,342
node,5607881652,пик Белеули,,,,6065,39.1734333,72.7658889,,,,996
node,5607882249,扎阿拉依山 пик Эйлера,,,,6022,39.4641112,73.7007745,,,ru:Пик Эйлера,326
node,5607882245,пик Корженевского,,,,6008,39.3698844,73.1214659,,Q27203387,,348
node,3676270211,пик Красина,,,,5999,39.3712153,72.7477097,,Q27203379,,292
node,2439758751,пик XIX съезда КПСС,,,,5945,39.4045729,72.9656233,,,,536
node,4567015359,,,,,5917,39.4645427,73.4664774,,,,276
node,2118060048,库木别勒木孜套,,,,5909,39.1216388,73.70656,,,,1817
node,5607881838,Сат,,,,5900,39.2366742,71.9109678,2300,Q25379640,,2302
node,5607880336,пик Тиндаля,,,,5895,39.0141155,71.5367889,,,,2337
node,5607880144,Pik Agasis,Pik Agasis,,,5877,39.0140034,71.5038005,1610,Q8553109,,607
node,3791151123,пик Адлерхорн,,,,5868,39.1965257,72.6940844,,,,549
node,5169166829,пик Бабушкина,,,,5867,39.0876734,71.9735383,,,,344
node,3676271134,пик Цурюпы,,,,5849,39.3838724,72.7172304,,,,471
node,5607881677,Урицкого,,,,5841,39.0290944,72.8646111,,,,530
node,2412187385,,,,,5827,39.0584101,73.8194213,,,,568
node,2626443342,пик Красных Командиров,,пик Красных Командиров,,5821,39.276885,73.5366167,,,,656
node,5607880800,Шильбе,,Шильбе,,5820,39.1207009,72.2480949,,,,590
node,3149076855,пик Сулоева,,пик Сулоева,,5816,39.0182113,71.8679957,,,,2037
node,2118060170,Kon-Chukurbashi,Kon-Chukurbashi,гора Кон-чукурбаши,,5811,39.2493876,73.5592849,,,,472
node,3802005986,,,,,5810,39.2646896,72.8433895,,,,382
node,3149076967,пик Крупской,,пик Крупской,,5808,39.0085483,71.8113551,,,,537
node,2117848928,Pik Leibniz,Pik Leibniz,,,5797,39.4832414,73.8743953,,,,578
node,5607880801,пик Черепанова,,пик Черепанова,,5774,39.0358833,72.2390778,,,,663
node,5196780820,Мушкетова,,,,5760,39.0749103,72.0613861,,,,813
node,3791151146,пик Снежный,,,,5730,39.2084329,72.7127895,,,,416
node,7077078687,Пик Лейпциг,,Пик Лейпциг,,5725,39.3487019,72.4780726,,,de:Pik Leipzig,994
node,2626958759,,,,,5716,39.0857276,73.6945172,,,,243
node,4922304886,Пик Воробьева,,,,5710,39.0058443,72.0196005,,,,502
node,3149076965,Шапак,,Шапак,,5700,39.0365321,71.7917293,,,,380
node,5022792998,,,,,5700,39.0004887,71.9531375,,,,1317
node,2626958785,,,,,5670,39.1185285,73.7551851,,,,284
node,2118059955,,,,,5667,39.0418881,73.7904738,,,,262
node,5607881837,Сурхангоу,,,,5621,39.2714674,71.923542,,,,353
node,5620399589,Пик Скалистый,,Пик Скалистый,,5621,39.6208493,70.719209,2085,,,2096
node,2118059971,,,,,5619,39.0509956,73.7387011,,,,310
node,2626959165,,,,,5610,39.2476844,73.6150814,,,,265
node,2118060075,,,,,5607,39.1600407,73.6890577,,,,204
node,2118059926,,,,,5590,39.0310854,73.7871281,,,,202
node,2118059935,,,,,5581,39.0337351,73.7398534,,,,264
node,2118060117,,,,,5571,39.2261001,73.6339665,,,,262
node,5509179557,Pik Tandykul,Pik Tandykul,Пик Тандыкуль,Тамдыкул чокусу,5544,39.4487856,71.0827778,1674,Q7193530,ky:Тамдыкул чокусу,1684
node,5767976387,пик Снежный Шатёр,,пик Снежный Шатёр,,5529,39.4998298,71.0968648,,,,794
node,2118060109,,,,,5520,39.2123007,73.6435503,,,,342
node,366138164,Pyramid,Pyramid,Пирамидальный пик,,5509,39.5654629,70.2195282,,Q13172303,,1365
node,5528660779,Снежный Барс,,,,5491,39.3121457,72.0758271,,,,1191
node,5607882247,Кызкурган,,,,5491,39.3191056,71.9467167,,,,708
node,349008858,Гезель,,,,5486,39.241045,72.1847033,,,,591
node,349009792,Минтеке,,,,5482,39.5832252,70.4644953,,,,1296
node,3795767675,Спартакиада,,,,5476,39.4056227,73.0778665,,,,363
node,5607881839,Кенг,,,,5476,39.2374556,71.96765,,,,369
node,2118060091,,,,,5460,39.1848937,73.6573435,,,,254
node,2440392911,пик Обручева,,,,5459,39.4631696,73.1128561,,,,712
node,5607882248,Заалайский,,Заалайский,,5445,39.2599199,71.8074944,,,,635
node,5607881894,пик Пограничников,,,,5437,39.4780803,73.3919492,,,,527
node,3073821756,Айлама,,,,5428,39.7177178,71.4865888,,,,1415
node,5620398279,пик Боец,,пик Боец,,5398,39.6473914,70.7005944,,,,588
node,2626958976,,,,,5390,39.2015228,73.7264281,,,,247
node,2626959231,,,,,5385,39.2792091,73.7197372,,,,356
node,2626959261,,,,,5371,39.292399,73.5927294,,,,239
node,349009776,,,,,5370,39.6053557,70.5175983,,,,665
node,2626959237,,,,,5370,39.2802218,73.5827699,,,,225
node,8863222883,Губаева,,,,5368,39.508127,73.6807109,,,,569
node,3790477750,Зарасак,,,,5358,39.2014472,72.4888361,,,,416
node,349009947,Ak-suu,Ak-suu,Ак-Суу,,5355,39.5639548,70.0680167,,,,967
node,2626958900,,,,,5350,39.1828127,73.8013202,,,,236
node,3791434742,Ледяной Мыс,,,,5349,39.4524093,73.065373,,,,424
node,2626959215,,,,,5321,39.2761119,73.6424496,,,,214
node,2576005853,Kara-suu,Kara-suu,Карасу,,5309,39.5972442,70.2032223,,,,579
node,3148943020,Ширвоза,,,,5299,39.1862981,71.7979288,,,,512
node,5607881682,Черная Стена,,,,5299,39.2459879,71.7690783,,,,461
node,5607881895,пик Архар,,,,5298,39.4701033,73.3320324,,,,550
node,5943269821,30-летия Победы,,,,5298,39.3518058,73.190792,,,,213
node,5169166674,,,,,5296,39.1352533,71.9948244,,,,241
node,349009747,Kshemysh-Bashi,Kshemysh-Bashi,,,5290,39.5840518,70.6459431,,,,742
node,1995173694,Sabakh,Sabakh,Сабах,,5282,39.5733244,69.9022988,,,,1060
node,9863706966,пик Гранитный,,пик Гранитный,,5278,39.6211461,70.4158159,,,,560
node,7341569896,,,,,5270,39.4706552,71.0800838,,,,394
node,2626443923,,,,,5251,39.0260976,73.9754006,,,,1013
node,7715186551,Tuteklik,Tuteklik,Тутеклик,,5250,39.3213319,70.0601161,1615,,,1659
node,3363499003,Ташкент,,,,5248,39.7916768,71.7203917,,,,953
node,2440392872,,,,,5247,39.4369298,73.0344699,,,,284
node,1995173704,Блока,,,,5229,39.5902208,70.1172183,,,,833
node,9164779322,Саук-Джайляу Центральный,,,,5227,39.7595296,71.9436907,,,,1003
node,5767976963,,,,,5210,39.4846911,71.0854262,,,,231
node,349009826,,,,,5209,39.5889488,70.3607649,,,,765
node,3800825045,Кек-Чукур,,,,5184,39.2849272,72.3028019,,,,516
node,3667603562,пик Петроградец,,пик Петроградец,,5163,39.5852846,70.0429916,,,,669
node,2593036185,,,,,5161,39.305972,73.9920337,,,,1092
node,4897507955,Ekishak,Ekishak,,,5155,39.5068552,73.5517287,,,,250
node,7341716024,пик Кольцова,,,,5147.2,39.7669601,71.2649278,,,,1085
node,5767351232,Айдарбек,,,,5127,39.6417683,71.6320609,,,,826
node,5607881688,Лейтенантов,,,,5122,39.3135389,72.3117056,,,,341
node,5747207730,,,,,5120,39.6068124,70.1133002,,,,560
node,349009647,пик Зимовщиков,,,,5100,39.682771,71.5378362,,,,452
node,3417997407,,,,,5100,39.7639901,71.7126669,,,,265
node,5760494014,Текелик,,,,5088,39.6552708,71.6975871,,,,880
node,7727115313,Peak Samarkand,Peak Samarkand,Самарканд,,5085,39.2990685,69.5963128,,,,1372
node,2626959335,,,,,5072,39.3061409,73.7755085,,,,214
node,5767351224,Коммуна,,,,5070,39.6650459,71.635859,,,,543
node,2621685411,Музток,,,,5066,39.5894794,70.5882899,,,,333
node,7249263223,Skobelev,Skobelev,Скобелева,,5051,39.7931758,72.6165229,1424,Q27203367,,1389
node,5767976423,,,,,5050,39.607881,71.3609362,,,,739
node,5788226535,,,,,5050,39.5695932,70.5621386,,,,434
node,9863707083,,,,,5050,39.5592175,70.3842973,,,,569
node,5767350650,,,,,5046,39.5735424,71.3379192,,,,634
node,3398537782,Хотуртау,,,,5040,39.6769583,70.5284545,,,,771
node,5196781022,пик Украина,,,,5030,39.073561,71.8333876,,,,298
node,9014307126,Белый,,,,5021,39.5479011,73.8657403,,,,459
node,2440360077,Назарова,,,,5015,39.4002439,73.1260026,,,,210
node,9863707062,Горняк,,,,5013,39.5222337,70.3433132,,,,622
node,9198874219,Ушбинка,,,,5010,39.5623441,69.9437928,,,,581
node,5767976413,,,,,4992,39.625991,71.3689462,,,,491
node,6027608763,Снежная,,Снежная,,4990,39.4361689,70.5619864,,,,1105
node,3149099816,пик Олега Мкртчяна,,,,4980,39.0826142,71.8309951,,,,206
node,3417331103,Советских школьников,,,,4980,39.7536229,71.7871615,,,,441
node,3667603862,Dostoevskogo,Dostoevskogo,,,4974,39.6521938,70.1032018,,,,670
node,5767976967,,,,,4967,39.5188511,71.0969862,,,,487
node,3150375985,,,,,4962,39.0606662,71.6101634,,,,351
node,1995173698,Uzlovoy,Uzlovoy,Узловой,,4960,39.5777463,69.9236425,,,,468
node,3148834618,Ходжатау,,,,4960,39.1991556,71.7266833,,,,373
node,9164779335,Саук-Джайляу Восточный,,,,4960,39.7750573,71.9649283,,,,661
node,5760523121,,,,,4958,39.6264824,70.6320476,,,,608
node,5765349765,Гора Остроконечная,,Гора Остроконечная,,4957,39.6170329,70.3633937,,,,446
node,3363501887,Акташ,,,,4950,39.8166856,71.7642167,,,,349
node,9863706961,Гора Минг-Теке,,Гора Минг-Теке,,4948,39.6399748,70.4261728,,,,229
node,11987286539,,,,,4948,40.1094442,73.9125635,,,,1359
node,5767976035,,,,,4945,39.5539187,71.3326855,,,,371
node,5767976981,,,,,4942,39.5736111,71.2170462,,,,685
node,7341570020,,,,,4939.6,39.5326441,71.3185215,,,,405
node,349009586,Гезарт,,,,4935,39.864762,72.411814,,,,848
node,3663348924,Ak-suu,Ak-suu,,,4926,39.5855031,70.2695508,,,,796
node,5767351173,,,,,4925,39.6440815,71.6951036,,,,211
node,2626443927,,,,,4923,39.3084271,73.9322452,,,,348
node,11987286540,,,,,4923,40.0796744,73.901354,,,,487
node,2440360081,Ташкент,,,,4915,39.4076494,73.1546116,,,,275
node,2425175562,,,,,4913,39.8763889,72.4861111,,,,436
node,5767976408,Ленинградец,,,,4900.1,39.754461,71.8383762,,,,502
node,5610389696,Кызыл-Ункюр,,Кызыл-Ункюр,,4888,39.7629411,72.5213246,,,,250
node,2626959201,,,,,4883,39.2709658,73.8075455,,,,261
node,3700494182,Parus,Parus,,,4883,39.6008937,69.9373769,,,,660
node,2956454570,пик Сахарова,,,,4881,39.9338141,72.6476553,,,,431
node,3417331078,Крылья Советов,,,,4871,39.7499108,71.7411128,,,,221
node,349008994,Каратау,,,,4870,39.2937234,71.7850971,,,,325
node,3364599681,Фергана,,,,4870,39.8091836,71.8100891,,,,431
node,5760523126,,,,,4865,39.6405125,70.6253528,,,,264
node,5767976034,,,,,4863,39.6052473,71.491798,,,,452
node,5767976026,,,,,4850,39.5727311,71.1367762,,,,554
node,5767976045,,,,,4835,39.582066,71.4446041,,,,481
node,5607880810,пик Землятина,,пик Землятина,,4832,39.0608333,72.2723833,,,,210
node,5760392942,,,,,4832,39.6372666,71.4412784,,,,327
node,4132436193,,,,,4830,39.8105075,72.6038069,,,,242
node,5760392320,,,,,4829,39.7801723,71.6640146,,,,288
node,2439696849,Petrovsky Peak,Petrovsky Peak,Петровского,,4825,39.4585374,72.8840196,,,,303
node,5767351188,,,,,4824,39.6409256,71.6688823,,,,211
node,3398451669,Звездный,,Звездный,,4822,39.56988,70.1355836,,,,430
node,2440360108,Лагерный,,,,4816,39.4180438,73.1777912,,,,256
node,5610390024,Valighond,Valighond,,,4816,39.2897286,69.6976409,,,,718
node,5767976978,,,,,4815,39.5087911,71.1912562,,,,662
node,2626959369,,,,,4812,39.314285,73.6632412,,,,261
node,2626958792,,,,,4810,39.1295744,73.6234117,,,,260
node,5742773372,Одесса,,Одесса,,4810,39.603388,70.2711926,,,,565
node,5767976417,,,,,4810,39.611701,71.3320162,,,,487
node,5767976452,,,,,4806,39.5015572,71.3010549,,,,445
node,7315161547,Сыновей,,,,4806,39.7118663,71.8529304,,,,402
node,5767351098,,,,,4805,39.6595122,71.7439627,,,,597
node,3417330905,Николаева,,,,4802,39.7192729,71.8282027,,,,222
node,5760393073,,,,,4802,39.583703,71.4266796,,,,284
node,2440404601,пик Мусы Джалиля,,,,4800,39.4461454,72.8750185,,,,235
node,10086900778,,,,,4797,40.0146328,73.9288902,,,,893
node,5767350635,,,,,4795,39.5946108,71.3447642,,,,246
node,5767976976,,,,,4792,39.5005307,71.2043666,,,,423
node,5767976977,,,,,4787,39.4927981,71.1831879,,,,437
node,5767976958,,,,,4780,39.412207,71.06353,,,,448
node,3667603561,Bird,Bird,Птица,,4774,39.5390537,70.31432,,,,335
node,5767976355,,,,,4762,39.5437211,71.4024862,,,,417
node,5767976410,,,,,4759,39.5203511,71.3906762,,,,371
node,13823974264,Жусуп Абдрахманов,,Жусуп Абдрахманов,,4755,39.6458396,69.7290409,,Q4054488,"ru:Абдрахманов, Юсуп Абдрахманович",800
node,5767976392,,,,,4754.1,39.4042311,71.3825062,,,,1069
node,10086900758,,,,,4754,40.0395751,73.9307355,,,,380
node,5767976975,Кимиздыкты,,Кимиздыкты,,4751,39.4787174,71.213054,,,,416
node,9217874126,Argo,Argo,,,4750,39.5813818,69.9333858,,,,271
node,10253642414,Абдыкадыра Орозбекова,,Абдыкадыра Орозбекова,,4740,39.6438668,69.7119211,,Q4665217,"ru:Уразбеков, Абдукадыр",210
node,5759188781,Сарнигми,,,,4736,39.5892782,71.55388,,,,287
node,5767976353,,,,,4731,39.5554406,71.4010668,,,,304
node,5760523130,,,,,4722,39.6555557,70.6259,,,,258
node,5760393088,,,,,4720,39.603371,71.4638962,,,,217
node,2314877406,,,,,4718,39.2574438,69.12001,,,,715
node,5763439687,,,,,4716,39.5783311,71.4637462,,,,384
node,2117849223,пик Сибиряков,,,,4714,39.5920725,73.9120195,,,,356
node,5610390118,Kattabarzangi,Kattabarzangi,Каттабарзанги,,4709,39.1215525,69.648178,,,,796
node,5767976481,,,,,4701,39.4936772,71.2562931,,,,412
node,5767976041,,,,,4700,39.5137511,71.2950262,,,,289
node,5767976406,Москвич,,,,4700,39.755381,71.8129862,,,,293
node,10076719993,Сугут,,Сугут,,4700,39.8606043,73.5862541,,,,822
node,5760515184,,,,,4690,39.6871103,70.6061375,,,,378
node,5767976518,,,,,4690,39.4632009,71.1479759,,,,705
node,6009625660,Пирьях,,Пирьях,,4681,39.5393261,69.3437712,,,,722
node,5767976023,,,,,4679,39.512666,71.2542987,,,,266
node,9919430669,,,,,4678,39.92621,73.6518072,,,,695
node,5767976433,,,,,4670.2,39.3630911,71.3516262,,,,975
node,2593135353,,,,,4660,39.1031131,73.9924653,,,,306
node,9197173335,Dioscury,Dioscury,Диоскуры,,4648,39.5843089,69.9420762,,,,237
node,7341570015,,,,,4639,39.5231772,71.3044452,,,,207
node,2314876847,,,,,4635,39.0873353,69.0209965,,,,1413
node,9592100175,Легендарная Магнитка,,,,4632,39.9854727,72.7073907,,,,267
node,11987843844,Snezhnaya,Snezhnaya,,,4620,40.1439195,73.7886913,,,,593
node,7315203286,Салиевой,,,,4616,39.6989405,71.8724942,,,,228
node,1882765924,Тенисбай,,,,4615,39.6031422,69.5955562,,,,500
node,5610389644,Таврия,,,,4605,39.9906333,72.7391767,,,,295
node,5767976030,Лойсу,,,,4595.7,39.4825911,71.3633662,,,,382
node,6187403488,Шанкол,,,,4593,40.0767794,72.7407225,,,,743
node,5767976396,,,,,4589.4,39.8230982,71.8898359,,,,343
node,5760062976,,,,,4587,39.695157,70.5184883,,,,203
node,5767976022,Какойлес,,,,4580,39.4746198,71.2622987,,,,390
node,5767976444,,,,,4575.8,39.4869711,71.3041362,,,,265
node,5767976996,,,,,4567,39.5402511,71.2623162,,,,217
node,7659992048,,,,,4563,39.0901346,69.659435,,,,333
node,5767976409,,,,,4562.2,39.4891511,71.3854262,,,,239
node,5767976052,,,,,4560,39.5785084,71.3994224,,,,245
node,10297463105,Исхак Раззаков,,Исхак Раззаков,,4555,39.6435693,69.684391,,Q4388557,"ru:Раззаков, Исхак Раззакович",339
node,5767976412,,,,,4553,39.5105784,71.3675877,,,,308
node,10076718732,,,,,4553,40.1249144,73.7882566,,,,278
node,5767976407,,,,,4550.1,39.497894,71.3963557,,,,268
node,5767976039,Пермская,,,,4545,39.5351611,71.3490062,,,,238
node,10076718728,Kichi Kashkasu,Kichi Kashkasu,,,4542,40.1366939,73.7939214,,,,250
node,2117850927,别勒阿依热克佐苏套,,,,4530,39.8772503,73.9123341,,,,465
node,9592100184,Главный Курган,,,,4528,40.0198367,72.7387625,,,,331
node,11987843843,,,,,4525,40.027455,73.9056892,,,,409
node,5742772086,Котин,,,,4521,39.6234744,70.2756786,,,,397
node,5767351090,,,,,4508,39.6682516,71.7644549,,,,215
node,5742773021,1000 years,1000 years,,,4507,39.6152134,70.2746128,,,,304
node,9217874124,,,,,4500,39.5723516,69.9912786,,,,258
node,5767976050,,,,,4490,39.596941,71.4215762,,,,225
node,6532907171,Птица,,,,4490,39.528009,70.2944565,,,,268
node,7795485766,,,,,4485,39.0950749,69.5363739,,,,563
node,10560169443,Шарт,,,,4485,39.7948987,73.5326743,,,,459
node,1532529409,Манас,,Манас,,4484.3,42.3218934,71.0214711,,,,3240
node,5578960410,Bakayir-Choku,Bakayir-Choku,Бакаир-Чоку,Бакайыр-Чоку,4455,42.2668028,71.2713972,,,,786
node,2314876825,,,,,4454,39.0474345,69.0762547,,,,541
node,5767976522,Кара-Суу,,,,4448,39.614811,71.7946662,,,,335
node,5607878566,,,,,4427,40.1577056,73.9138306,,,,275
node,5767976549,,,,,4410,39.4139211,71.0062262,,,,519
node,10707736624,,,,,4410,41.4118312,72.9123271,1690,,,2695
node,5765743146,,,,,4409,39.6922246,70.7170189,,,,331
node,5767976497,,,,,4402,39.3566111,71.1143062,,,,572
node,7341569952,,,,,4402,39.5266612,71.2126708,,,,237
node,2595063205,Пик Ильяса Тухватуллина,,Пик Ильяса Тухватуллина,,4395.5,42.1826651,71.2484802,,,,416
node,6027616709,,,,,4390,39.3602215,70.1139128,,,,335
node,10253768778,Independent Kyrgyzstan,Independent Kyrgyzstan,Эгемен Кыргызстан,,4380,39.7266301,70.2103615,,,,621
node,5743745497,Усен,,,,4378,39.6045309,70.2611947,,,,352
node,2596277539,,,,,4364.5,42.1369175,71.2152977,,,,624
node,2594926520,,,,,4359.7,42.1851745,71.1391897,,,,746
node,2593688895,,,,,4358.4,42.2110015,71.250527,,,,285
node,5767976357,,,,,4353,39.5149711,71.4329762,,,,238
node,10086900826,пик Александры,,,,4350,40.0938574,73.9246426,,,,241
node,5578960349,Чаткальская Ушба,,,,4347,41.9597547,71.8049014,,,,1188
node,5607878565,Кичиколь,,,,4346,40.1307139,73.8429028,,,,270
node,2594926525,Shavur-Say,Shavur-Say,Шавур-Сай,,4319.0,42.2015359,71.1226018,,,,278
node,5578960352,Пикгора,,,,4308,41.6493028,71.3068861,,,,931
node,5610390255,Bastion Peak,Bastion Peak,,,4303,39.007141,69.067115,,,,491
node,2593585772,,,,,4302.8,42.1701499,71.0199344,,,,581
node,2607456509,Adelunga,Adelunga,Аделунга,,4301.8,42.1235559,70.9689168,,Q355590,ru:Аделунга,432
node,5767976363,,,,,4296.3,39.4598211,71.4875362,,,,560
node,6187399655,,,,,4292,39.9814102,72.5790349,,,,303
node,2607402645,Beshtor,Beshtor,Бештор,,4291.7,42.0541323,70.8651702,,,,679
node,2605899294,,,,,4284.4,42.1318635,71.0326379,,,,392
node,9668742505,Маленький принц,,,,4281,39.6785362,71.7609289,,,,211
node,5767976382,,,,,4279.1,39.3797611,71.4098162,,,,528
node,5767976397,,,,,4278.7,39.4591111,71.3910462,,,,211
node,2593669614,,,,,4276.8,42.237095,71.2089637,,,,238
node,2591280604,,,,,4269.0,42.1644281,70.7365026,,,,851
node,5767976531,,,,,4268,39.3428811,71.0837662,,,,201
node,5768091073,,,,,4264,39.7981729,70.8644601,,,,1209
node,8685270893,Dushokha,,,,4264,39.1653973,70.0356305,,,,423
node,2600846525,,,,,4260.1,42.1526766,71.0911018,,,,481
node,1544318756,,,,,4258.0,42.2040671,70.7809661,,,,352
node,9429643454,,,,,4255,39.7557783,73.7092295,,,,440
node,1532511172,,,,,4253.0,42.2160023,70.802545,,,,311
node,5578960408,Кумыштаг,,,,4251,42.2633056,71.7960306,,,,978
node,2600846361,,,,,4250.9,42.1291811,71.1016086,,,,314
node,9330930504,,,,,4240,39.142287,69.8895498,,,,293
node,5767976364,,,,,4237.5,39.4719011,71.4601562,,,,202
node,1524480940,Sairam,Sairam,Сайрамский,,4236.1,42.1377455,70.4807342,,Q12560641,kk:Сайрам шыңы,1059
node,5767976516,,,,,4234,39.4910263,71.1319255,,,,270
node,2626959390,,,,,4221,39.3293028,73.8304942,,,,275
node,2607402655,,,,,4218.0,41.9206212,70.8068604,,,,588
node,349007607,,,,,4213.0,42.0636521,71.0401427,,,,428
node,2594729251,,,,,4210.0,42.266744,71.2029304,,,,254
node,2593669650,,,,,4201.3,42.2406127,71.1933138,,,,226
node,2596272815,,,,,4200.6,42.0389134,71.0034467,,,,378
node,5767976379,,,,,4199.0,39.3690811,71.4360862,,,,311
node,2594997216,,,,,4191.9,42.1515784,71.1376468,,,,307
node,8656570476,,,,,4180,39.1685773,69.8122834,,,,266
node,2600860762,,,,,4178.7,42.0313356,71.0158273,,,,248
node,2596272842,,,,,4172.7,42.0751218,71.0460831,,,,203
node,5767976501,,,,,4168,39.3861411,71.1320762,,,,267
node,2600865106,,,,,4164.8,42.0528386,71.053841,,,,216
node,349004342,Чатангат,,Чатангат,,4163.7,42.2642591,70.9455707,,,,544
node,2682031276,,,,,4149,39.7416244,70.5571019,,,,343
node,2594926549,,,,,4144.6,42.2203182,71.1303478,,,,267
node,2613063734,,,,,4142.5,42.0631143,70.9208709,,,,496
node,2592585201,,,,,4139.0,42.2101175,70.8606552,,,,518
node,3861285125,,,,,4137,39.6281544,70.0016832,,,,343
node,2596272858,,,,,4133.5,42.090931,71.0769773,,,,342
node,9429656823,,,,,4130,39.7905713,73.2769362,,,,526
node,2600861141,,,,,4127.7,42.0744504,71.0178295,,,,218
node,5767976381,,,,,4118.7,39.3434811,71.4153362,,,,210
node,2611844956,,,,,4118.1,42.066769,70.8847484,,,,309
node,2314877029,Кооль,,,,4113,39.1570507,69.0590095,,,,471
node,2596272821,,,,,4099.6,42.0523595,71.0134782,,,,224
node,5578960409,в. 4095,,,,4095,42.078792,72.052822,,,,502
node,2591226541,Nezavisimost',Nezavisimost',Независимость,,4091,42.1581046,70.5289619,,,,319
node,10679097062,,,,,4090,39.0774101,69.9725225,,,,308
node,5650020239,,,,,4080,39.6725454,70.3602025,,,,266
node,2594997213,,,,,4076.2,42.1402404,71.1670515,,,,239
node,2613292202,,,,,4066.3,41.938976,70.8122537,,,,268
node,2613168304,,,,,4065.4,41.9081986,70.7356911,,,,391
node,349007452,Зекир-бобо,,,,4062,41.4429513,70.5858724,,,,1226
node,5767976499,,,,,4060,39.3692911,71.1379962,,,,271
node,349004334,,,,,4052.7,42.2777084,71.0085936,,,,292
node,5767976510,,,,,4050,39.4097384,71.150701,,,,211
node,7136972439,Silver Wall,Silver Wall,,,4050,39.6206316,70.240488,,,,318
node,2592585191,,,,,4046.3,42.2018269,70.8197919,,,,335
node,5767976386,,,,,4035.1,39.3491911,71.3934062,,,,237
node,1532511056,,,,,4034,42.1824792,70.5486245,,,,245
node,2607402685,,,,,4029.7,41.9553271,70.8557755,,,,247
node,5767976511,,,,,4029,39.4106336,71.1632537,,,,221
node,1528018493,Аксуат,,Аксуат,,4027.4,42.3639863,70.7712045,,,,542
node,2607444902,,,,,4019.7,42.0202421,70.9889904,,,,205
node,6206240364,,,,,4015,39.7194014,70.8004474,,,,737
node,1544318784,,,,,4012.1,42.225547,70.901512,,,,364
node,2596272869,,,,,4009.6,42.0946194,71.0996664,,,,201
node,4778066878,Чингуль,,,,4008.8,41.4084196,70.5494998,,,,209
node,5767976434,,,,,3995.5,39.3727511,71.3488762,,,,214
node,1544319047,,,,,3967.1,42.362796,70.893859,,,,448
node,4780409168,,,,,3953.6,41.3783744,70.7422621,,,,922
node,5771044640,Тогуз-Булак,,,,3946,39.7448925,70.8004138,,,,305
node,3363501268,Улитор,,Улитор,,3942,39.8987739,71.802864,,,,401
node,5578958598,Каракыр,,,,3938,41.5814806,71.3095111,,,,329
node,2593473970,,,,,3928.2,42.2193512,70.8271549,,,,301
node,1528018499,,,,,3923.7,42.3745913,70.7254355,,,,227
node,2592555844,,,,,3908.0,42.1661885,70.8032308,,,,291
node,5587503559,,,,,3903,42.2239334,72.7685281,,,,890
node,5583001100,Боз-Бокчу,,,,3890,41.579843,70.547332,,,,658
node,5767976505,,,,,3890,39.4131911,71.1202262,,,,222
node,9680266212,Алтын-Бешик,,,,3889,40.0411522,72.5507068,,,,478
node,1411914577,Tavalgan,Tavalgan,Тавалган,,3888.8,41.7915524,70.4090762,,,,686
node,2593669665,,,,,3888.3,42.2685108,71.145839,,,,211
node,4846856928,,,,,3876.3,41.3014024,70.9667444,,,,890
node,1544318556,,,,,3876.2,42.0834381,70.4229267,,,,509
node,2492074250,,,,,3875.5,41.3151195,70.4242807,,,,730
node,1544318500,,,,,3872.8,42.0643997,70.3722328,,,,526
node,5587503558,,,,,3872,42.1783829,72.6114355,,,,331
node,2353039433,Каракуш,,Каракуш,,3864.3,41.247789,70.3391467,,,,331
node,2490992977,,,,,3864.2,41.3073037,70.394319,,,,234
node,5627250870,,,,,3852,39.8019424,70.2676963,,,,646
node,8305052137,,,,,3850,39.113051,70.3491526,,,,583
node,1867652299,,,,,3828,42.1152606,73.3057366,,,,656
node,2560867431,,,,,3828.0,41.8198265,70.5993242,,,,587
node,5610390117,Куймамай,,,,3827,39.1819241,69.3625236,,,,205
node,2556670583,,,,,3824.0,41.7684462,70.393811,,,,204
node,2576589389,Кызылбаш,,,,3824,42.0727687,70.4667018,,,,295
node,2353039443,,,,,3821.1,41.2566601,70.3624246,,,,227
node,9416470455,,,,,3820,39.1045736,70.3282487,,,,255
node,2613211675,,,,,3805.9,41.8713026,70.4998832,,,,602
node,5753554705,Yellow Wall,Yellow Wall,,,3800,39.6269109,70.2489553,,,,286
node,1423831328,Акшам,,Акшам,,3789.1,41.3490324,70.3814446,,,,319
node,2537554139,Бобоиоб,,Бобоиоб,,3769.6,40.8489945,70.343443,1502,,,1530
node,1544319848,Аютор,,,,3766.5,42.108638,70.574722,,,,270
node,2556670609,пик Амира Тимура западная,,пик Амира Тимура западная,,3765.8,41.8119579,70.4393004,,,,
node,2556670611,пик Амира Тимура восточная,,пик Амира Тимура восточная,,3765.8,41.8133329,70.4441106,,,,227
node,349007479,,,,,3761.8,41.4775919,70.3719634,,,,313
node,5627246116,,,,,3759,39.8030676,70.3131273,,,,316
node,2349268217,,,,,3750.6,41.5190153,70.4517443,,,,264
node,2614460238,,,,,3746.4,41.8983336,70.6155352,,,,273
node,2533265128,Акшурак,,Акшурак,,3745.9,40.8805064,70.3343721,,,,435
node,2556656114,Piyozak,Piyozak,Пиёзак,,3736.9,41.7306773,70.3328554,,,,299
node,2613292238,,,,,3729.6,41.9573039,70.7341779,,,,213
node,2614462467,,,,,3727.8,41.8589241,70.6631751,,,,
node,2614462475,,,,,3727.8,41.8615496,70.6546199,,,,209
node,1532529395,Майдантал Северный,,Майдантал Северный,,3715,42.2627292,70.7359105,,,,297
node,2562698160,,,,,3707.1,41.871997,70.5196684,,,,251
node,11274854519,,,,,3703.8,41.3616072,71.0466955,,,,417
node,5754639403,,,,,3699,39.7475544,70.437615,,,,321
node,1532529398,Урашт,,Урашт,,3698.6,42.2062459,70.6458247,,,,282
node,1532511543,,,,,3690,42.2523262,70.5529805,,,,257
node,12041088499,Penguin peak,Penguin peak,пик Пингвин,,3670,42.0778995,70.800734,,,,360
node,9408701268,,,,,3665,40.0921503,72.3051821,,,,613
node,2613121939,,,,,3658.6,41.8042336,70.5520413,,,,220
node,2613211702,,,,,3650.8,41.9293876,70.5771885,,,,423
node,1544318442,,,,,3644.5,42.0480915,70.5575553,,,,396
node,10702996393,,,,,3635,41.1666057,73.81186,,,,919
node,1544317976,,,,,3615.1,41.926452,70.223625,,,,459
node,1544318140,,,,,3610.1,41.98471,70.336853,,,,369
node,332267757,,,,,3586,42.3393049,73.837994,,,,278
node,11274854594,,,,,3581.3,41.3348027,71.061201,,,,563
node,1544318018,,,,,3572.1,41.9543202,70.2614384,,,,209
node,9429643449,,,,,3565,39.5318023,72.0299541,,,,650
node,1412834304,,,,,3562.6,41.158573,70.2301711,,,,719
node,2607688676,,,,,3544.3,42.1061277,70.80729,,,,240
node,366132055,,,,,3505,39.822306,70.4113979,,,,592
node,9429620457,,,,,3500,39.5998479,72.2938701,,,,385
node,5578960350,Уялма,,,,3499,41.9121722,71.8679361,,,,413
node,2556630885,Акташ,,Акташ,Акташ,3462,41.7223376,70.4758369,,Q4060072,ru:Акташ (горная вершина),427
node,9501679096,,,,,3455,39.3733614,69.1744153,,,,213
node,3662809925,,,,,3454.9,41.532776,70.8417734,,,,437
node,349007531,,,,,3428.0,41.7778597,70.5126003,,,,322
node,4887158326,,,,,3410.6,41.1533577,70.8078933,,,,
node,4887158325,,,,,3410.5,41.1715556,70.7918536,,,,358
node,5761332180,,,,,3405,39.8166785,70.4394006,,,,295
node,8127313224,Turpi,,,,3350,39.1332954,70.637445,,,,353
node,5578958597,Мискен,,,,3327,41.6197972,71.4482,,,,301
node,5601193742,Dunon,,,,3324,39.7878282,70.6796144,,,,742
node,2491944187,80 Years of Victory Peak,80 Years of Victory Peak,Пик 80 лет Победы,,3321.3,41.2726524,70.0560308,,,,627
node,2566036220,,,,,3319.1,42.0321832,70.4788766,,,,220
node,3328009998,Greater Chimgan,Greater Chimgan,Большой Чимган,,3309,41.49519,70.0586718,,Q18755528,uz:Katta Chimyon togʻi,1114
node,2491944191,,,,,3303.1,41.2754597,70.0512226,,,,
node,2408430062,,,,,3289.6,41.2734446,69.9929569,,,,223
node,9408245636,Kadirtak,Kadirtak,Кадыртак,,3265,40.1459402,72.2623318,,,,617
node,1464297425,Бабайситен,,Бабайситен,,3263.4,40.824838,70.2061741,,,,787
node,2491944181,,,,,3244.5,41.2458841,70.1527096,,,,284
node,2592335749,Kokelbes,Kokelbes,Кокбелес,,3229.7,42.0191451,70.6968849,,,,509
node,5070849610,,,,,3183.5,41.1066162,70.7835603,,,,326
node,2350830156,,,,,3155.5,41.3375068,70.2998223,,,,244
node,9415506059,,,,,3155,40.0939301,72.19172,,,,308
node,4834168697,,,,,3140.3,41.1795584,70.7187366,,,,
node,1227626171,Aukashqa (Okhotnichy),Aukashqa (Okhotnichy),Оукашка (Охотничий),,3099.3,41.5103025,70.1171376,,,,450
node,5767976445,Кара-Дабан,,,,3099,39.967751,71.5386762,,,,513
node,2542969279,,,,,3023.8,40.9447912,70.3676752,,,,325
node,2614407454,,,,,3019.7,41.7673796,70.5699339,,,,302
node,2572661861,Mankent,Mankent,Манкент,,3017.7,41.8732548,70.4376819,,,,417
node,9429570666,,,,,3000,40.0062966,72.0752355,,,,781
node,2350830166,,,,,2981.7,41.3729941,70.2471928,,,,457
node,5754102127,Чопташ,,,,2960,39.8021602,70.6061228,,,,426
node,4822014850,Караташ,,Караташ,,2950,41.1430034,70.6120528,,,,231
node,9429603303,,,,,2945,40.014768,72.000735,,,,433
node,1233453668,Karangur,Karangur,Карангур,,2942.6,41.3954699,70.0879823,,,,339
node,10559366684,Khojai Gharibon,Khojai Gharibon,,,2940,39.0716629,70.151442,,,,680
node,1233398377,Джар,,Джар,,2937.6,41.4516169,70.0613857,,,,243
node,2344907066,,,,,2914.5,41.5790706,70.2101121,,,,922
node,9157914214,Курсала,,,,2912,39.975301,71.7031462,,,,208
node,1253778390,Akkul,Akkul,Аккуль,,2886.8,41.3821704,70.0336565,,,,411
node,11274854596,Джоша,,Джоша,Жоша,2869,41.272259,71.0701274,,,,211
node,1464298038,,,,,2861.5,40.9740683,70.3879535,,,,266
node,2533272157,,,,,2861.5,40.976501,70.3841911,,,,
node,5583001110,Кишишурт,,Кишишурт,,2858,42.028385,70.0808829,,,,248
node,9408766723,,,,,2855,40.1488093,72.1778977,,,,521
node,2533262286,Мынджилкы,,Мынджилкы,,2835.5,40.7574059,70.0701711,,,,760
node,1544319870,Mingbulak,Mingbulak,Мингбулак,,2823.8,41.7164432,69.8300347,,,,919
node,1253707837,Pulatkhan,Pulatkhan,Пулатхан,,2823.4,41.4338099,70.1718617,,Q16689457,ru:Пулатхан,252
node,349007487,,,,,2803.2,41.5109762,70.275139,,,,384
node,5627243293,Киргиз,,Киргиз,Кыргыз,2767,39.9072748,70.5767224,,,,388
node,2481033459,Такали,,,,2765.7,41.1845158,69.9233872,,,,386
node,2344907081,,,,,2758.2,41.6130176,70.2752032,,,,431
node,1423807349,Havlya,Havlya,Хавля,,2752,41.2594853,69.9031991,,,,268
node,1544317085,,,,,2751.7,41.7073453,69.7974742,,,,208
node,2574016717,Красавец,,,,2721.3,41.7722663,70.2679043,,,,265
node,1423823954,Чилтенбоа,,Чилтенбоа,,2694.8,41.2093547,70.1536242,,,,267
node,5767976467,,,,,2690,39.3385793,71.2292575,,,,214
node,349007515,,,,,2664.9,41.6381553,70.3418996,,,,269
node,4865617787,,,,,2645.2,41.0413496,70.648393,,,,338
node,1464298321,,,,,2639.3,41.0367855,70.4586576,,,,374
node,349033400,,,,,2621.4,40.725829,69.961456,,,,369
node,2524023037,,,,,2609,41.0036255,70.3721133,,,,342
node,1464298276,,,,,2594.7,41.0167992,70.5005709,,,,207
node,2523909675,,,,,2576.4,41.0286545,70.3817023,,,,288
node,2490645470,,,,,2575.8,41.1582207,69.9739276,,,,345
node,2349665472,,,,,2569.2,41.3342546,70.2212654,,,,298
node,2499034126,,,,,2563.8,41.3207086,70.152458,,,,533
node,2350731273,,,,,2536.4,41.4560629,70.2564755,,,,326
node,1497181990,Kapyrtash,Kapyrtash,Капырташ,,2507.7,41.6093557,70.1625717,,,,208
node,2490732273,,,,,2477.0,41.1884748,69.9796766,,,,211
node,2349712444,,,,,2452.6,41.4775603,70.221024,,,,345
node,2507924134,Mazarjan,Mazarjan,Мазарджан,,2428.4,41.1593574,70.0652645,,,,364
node,1423801909,Tashgaza,Tashgaza,Ташгаза,,2427.6,41.3802211,69.9655913,,,,242
node,2575646092,,,,,2422.0,41.4336683,70.0169384,,,,218
node,1544317684,,,,,2373.7,41.7640073,69.97185,,,,379
node,1862931871,,,,,2366,40.2313151,72.4841022,,,,306
node,4846856924,,,,,2350.3,41.1914398,70.8979511,,,,212
node,5104983633,,,,,2311.3,41.1431621,70.9964365,,,,434
node,1253951237,Maygashkan,Maygashkan,Майгашкан,,2310.2,41.455948,69.9289015,,,,434
node,2572749539,,,,,2256.0,41.8523592,70.3508115,,,,402
node,9408773623,,,,,2225,40.1464546,72.0035427,,,,400
node,2514820592,,,,,2160.0,41.0783023,70.4001772,,,,205
node,2349268269,,,,,2155.0,41.6382684,70.3848966,,,,270
node,2349268276,,,,,2155.0,41.6580725,70.4010104,,,,242
node,2349268253,,,,,2152.3,41.6006587,70.3856175,,,,211
node,2506343959,,,,,2113.7,40.6434689,69.7538982,,,,373
node,2571061593,Lesser Chimgan,Lesser Chimgan,Малый Чимган,,2097.6,41.5525032,70.0405609,,,,268
node,2507924142,,,,,2063.3,41.1703198,70.0223091,,,,232
node,1253951236,Surenata,Surenata,Сюрената,,2042.0,41.3894377,69.8528691,,,,509
node,1227791851,Qungurbuqa,Qungurbuqa,Кунгурбука,,1980.0,41.5807959,69.9521852,,,,387
node,2540926350,,,,,1971.2,40.9396601,70.2367206,,,,208
node,1412079806,Мингтухум,,Мингтухум,,1952.5,41.5599891,69.949819,,,,222
node,9408739133,,,,,1945,40.1462878,72.0761819,,,,308
node,9460425857,,,,,1915,40.1210141,71.8251567,,,,237
node,5104983478,,,,,1806.9,41.0562414,70.9075534,,,,240
node,2776793950,Kazygurt,Kazygurt,Казыгурт,,1769,42.0636105,69.7205035,,Q16657046,ru:Казыгурт (гора),606
node,11985797546,,,,,1764,42.448304,70.2469682,,,,412
node,10732057584,,,,,1720,42.0406002,69.6254361,,,,345
node,2601359639,,,,,1656.4,42.8139452,70.0524254,,,,524
node,1478843268,Музбек,,,,1624,40.3587558,69.5980235,,,,925
node,2539403193,,,,,1588.4,40.9414334,70.1501309,,,,211
node,2683095371,Куюнды,,Куюнды,,1525.5,40.8529805,69.9784891,,,,288
node,10213692456,Karatog,Karatog,Каратог,,1350,40.7997077,73.0855915,,,,223
node,3316171802,Большой Спо,,Большой Спо,,1277.1,40.2947325,69.4386283,,,,329
node,2689513607,,,,,1168.1,40.701609,69.4757042,,,,297
node,4578062291,,,,,1143,40.2405569,70.7041374,,,,323
node,3106353458,Каттакола,,Каттакола,,935.6,40.4974537,69.4568597,,,,231
node,10855901735,,,,,919,40.7769114,72.5954834,,,,258
